<?xml version="1.0" encoding="UTF-8"?>
<project-private xmlns="http://www.netbeans.org/ns/project-private/1">
    <editor-bookmarks xmlns="http://www.netbeans.org/ns/editor-bookmarks/2" lastBookmarkId="0"/>
    <open-files xmlns="http://www.netbeans.org/ns/projectui-open-files/2">
        <group>
            <file>file:/C:/Users/Mykhailo/Desktop/rp4k/Asteroids_MykhailoMoroz/src/Debris.java</file>
            <file>file:/C:/Users/Mykhailo/Desktop/rp4k/Asteroids_MykhailoMoroz/src/Asteroids.java</file>
            <file>file:/C:/Users/Mykhailo/Desktop/rp4k/Asteroids_MykhailoMoroz/src/Bullet.java</file>
            <file>file:/C:/Users/Mykhailo/Desktop/rp4k/Asteroids_MykhailoMoroz/src/SpaceCraft.java</file>
            <file>file:/C:/Users/Mykhailo/Desktop/rp4k/Asteroids_MykhailoMoroz/src/AlienShip.java</file>
            <file>file:/C:/Users/Mykhailo/Desktop/rp4k/Asteroids_MykhailoMoroz/src/VectorSprite.java</file>
            <file>file:/C:/Users/Mykhailo/Desktop/rp4k/Asteroids_MykhailoMoroz/src/SpaceRock.java</file>
        </group>
    </open-files>
</project-private>
